REG,RATING,DATE,ORDER
729029,89,09/12/2017,1
729029,90,03/10/2017,2
729029,87,16/12/2016,3
729029,87,11/03/2016,4
729029,73,03/07/2015,5
729029,71,24/03/2015,6
729029,56,03/09/2014,7
729029,49,24/08/2014,8
729029,78,10/02/2014,9
729029,67,19/11/2013,10
729029,68,02/03/2013,11
729029,79,01/03/2013,12
729029,78,14/12/2011,13
729029,67,24/02/2011,14
729029,78,15/04/2010,15
729029,-18,03/04/2010,16
729029,20,20/03/2010,17
729029,78,06/03/2010,18
729029,74,03/05/2009,19
729029,12,09/04/2009,20
729029,66,20/02/2009,21
729029,80,17/03/2008,22
729029,83,17/06/2004,23
729029,63,30/01/2002,24
729029,78,03/12/2001,25
729029,78,30/10/2001,26
729029,78,18/10/2001,27
729029,78,05/09/2001,28
729029,78,18/07/2001,29
1073098,59,27/09/2017,1
1073098,77,12/10/2016,2
1073098,87,10/10/2016,3
1073098,-18,01/10/2016,4
1073098,87,10/11/2015,5
1073098,77,28/10/2015,6
1073098,79,02/10/2015,7
1073098,87,17/09/2015,8
1073098,87,01/12/2014,9
1073098,78,11/11/2014,10
1073098,76,18/09/2014,11
1073098,76,29/08/2014,12
1073098,81,24/08/2014,13
1073098,71,01/07/2014,14
1073098,92,07/03/2014,15
1073098,96,14/10/2013,16
1073098,97,16/04/2013,17
1073098,98,02/10/2012,18
1073098,97,13/03/2012,19
1073098,95,09/11/2011,20
1073098,97,07/09/2011,21
1073098,95,02/05/2011,22
1073098,88,20/04/2011,23
1073098,95,08/10/2010,24
1073098,-18,02/10/2010,25
1073098,93,04/09/2010,26
1073098,95,22/10/2009,27
1073098,95,02/05/2009,28
1073098,91,06/03/2009,29
1073098,80,29/02/2008,30
1073098,74,01/11/2007,31
1073098,47,18/10/2007,32
1073098,53,27/02/2007,33
1073098,47,12/02/2007,34
1073098,53,16/11/2006,35
1073098,100,12/03/2006,36
1073098,94,08/10/2004,37
1073098,90,14/07/2004,38
1073098,89,09/03/2004,39
1073098,86,28/10/2003,40
1073098,79,04/06/2003,41
1073098,79,03/02/2003,42
1073098,80,16/04/2002,43
1073098,53,16/12/2001,44
1073098,53,04/12/2001,45
1073098,53,09/11/2001,46
1073098,53,07/11/2001,47
1073098,53,23/10/2001,48
1073098,53,12/10/2001,49
1073098,53,11/10/2001,50
1073098,54,10/10/2001,51
1073098,54,25/09/2001,52
1073098,54,15/09/2001,53
1073098,54,07/09/2001,54
1073098,54,30/08/2001,55
1073098,57,10/08/2001,56
1073098,58,02/08/2001,57
1073098,58,18/07/2001,58
1113271,59,18/10/2017,1
1113271,60,26/08/2016,2
1113271,96,06/11/2015,3
1113271,77,05/06/2015,4
1113271,96,02/09/2014,5
1113271,87,24/08/2014,6
1113271,86,10/09/2013,7
1113271,91,19/09/2012,8
1113271,86,10/07/2012,9
1113271,85,21/10/2010,10
1113271,90,17/11/2009,11
1113271,85,10/11/2009,12
1113271,73,25/06/2009,13
1113271,74,20/02/2009,14
1113271,78,17/06/2004,15
1113271,63,06/02/2004,16
1113271,60,08/01/2002,17
1113271,55,04/12/2001,18
1113271,55,07/09/2001,19
1113271,55,02/08/2001,20
1113271,55,18/07/2001,21
1370343,-23,07/10/2015,1
1370343,-26,01/10/2015,2
1370343,-25,21/09/2015,3
1370343,-18,08/09/2015,4
1370343,-19,06/08/2015,5
1370343,-18,02/07/2015,6
1370343,5,25/12/2014,7
1370343,1,23/10/2014,8
1370343,-25,12/09/2014,9
1370343,-9,11/07/2014,10
1370343,14,31/03/2014,11
1370343,12,22/03/2014,12
1370343,30,15/01/2013,13
1370343,12,10/01/2013,14
1370343,-18,05/01/2013,15
1370343,3,22/12/2012,16
1370343,12,09/05/2012,17
1370343,-19,03/05/2012,18
1370343,12,12/04/2012,19
1370343,5,16/01/2012,20
1370343,9,11/01/2012,21
1370343,-18,07/01/2012,22
1370343,9,31/12/2011,23
1370343,3,17/12/2011,24
1370343,9,29/11/2011,25
1370343,43,22/12/2010,26
1370343,4,18/12/2010,27
1370343,43,25/01/2010,28
1370343,4,02/01/2010,29
1370343,40,07/03/2009,30
1370343,83,04/02/2008,31
1370343,70,28/02/2007,32
1370343,83,17/06/2004,33
1370343,63,12/06/2004,34
1370343,83,14/01/2004,35
1370343,75,12/06/2002,36
1370343,73,11/02/2002,37
1370343,68,08/12/2001,38
1370343,68,07/09/2001,39
1370343,68,18/07/2001,40
1858007,49,29/12/2016,1
1858007,44,02/07/2016,2
1858007,-18,01/07/2016,3
1858007,44,04/07/2015,4
1858007,67,02/09/2014,5
1858007,71,24/08/2014,6
1858007,31,03/07/2014,7
1858007,26,02/07/2014,8
1858007,7,21/06/2014,9
1858007,26,04/07/2013,10
1858007,7,22/06/2013,11
1858007,26,04/07/2012,12
1858007,34,02/07/2012,13
1858007,10,16/06/2012,14
1858007,34,01/07/2011,15
1858007,3,18/06/2011,16
1858007,34,04/06/2011,17
1858007,16,15/04/2011,18
1858007,15,07/08/2010,19
1858007,-18,06/02/2010,20
1858007,2,02/01/2010,21
1858007,20,09/10/2009,22
1858007,34,06/04/2009,23
1858007,51,07/03/2009,24
1858007,55,30/01/2009,25
1858007,73,28/02/2007,26
1858007,0,10/02/2006,27
1858007,55,15/02/2005,28
1858007,60,17/06/2004,29
1858007,50,12/06/2004,30
1858007,55,01/03/2004,31
1858007,-17,11/02/2004,32
1858007,-3,08/12/2001,33
1858007,-3,29/11/2001,34
1858007,-3,07/11/2001,35
1858007,-3,07/09/2001,36
1858007,-3,18/07/2001,37
1870753,82,22/05/2017,1
1870753,96,02/09/2014,2
1870753,87,24/08/2014,3
1870753,69,06/07/2010,4
1870753,56,07/03/2009,5
1870753,75,08/06/2008,6
1870753,78,17/06/2004,7
1870753,53,03/06/2003,8
1870753,63,19/06/2002,9
1870753,53,10/06/2002,10
1870753,28,08/12/2001,11
1870753,28,10/09/2001,12
1870753,28,07/09/2001,13
1870753,28,30/08/2001,14
1870753,28,02/08/2001,15
1870753,28,18/07/2001,16
2005811,80,02/08/2017,1
2005811,-34,07/10/2015,2
2005811,80,02/10/2015,3
2005811,-18,01/10/2015,4
2005811,80,05/10/2014,5
2005811,96,02/09/2014,6
2005811,87,24/08/2014,7
2005811,46,25/09/2012,8
2005811,53,10/10/2011,9
2005811,-18,07/10/2011,10
2005811,6,05/10/2011,11
2005811,-18,01/10/2011,12
2005811,6,17/09/2011,13
2005811,53,16/09/2009,14
2005811,3,15/09/2009,15
2005811,34,07/03/2009,16
2005811,73,02/11/2008,17
2005811,78,10/10/2006,18
2005811,83,16/11/2005,19
2005811,90,12/06/2004,20
2005811,80,02/04/2004,21
2005811,45,14/11/2003,22
2005811,55,12/03/2003,23
2005811,50,08/12/2001,24
2005811,50,15/11/2001,25
2005811,55,03/11/2001,26
2005811,55,07/09/2001,27
2005811,55,18/07/2001,28
2505293,42,30/09/2017,1
2505293,41,29/03/2017,2
2505293,42,28/03/2017,3
2505293,-19,02/03/2017,4
2505293,-18,27/12/2016,5
2505293,42,07/10/2016,6
2505293,-18,01/10/2016,7
2505293,42,30/09/2014,8
2505293,45,02/09/2014,9
2505293,40,24/08/2014,10
2505293,38,24/09/2013,11
2505293,43,31/08/2013,12
2505293,44,29/05/2013,13
2505293,46,03/09/2012,14
2505293,38,30/06/2012,15
2505293,10,28/06/2012,16
2505293,9,27/09/2011,17
2505293,25,07/03/2011,18
2505293,3,19/02/2011,19
2505293,25,24/11/2010,20
2505293,26,28/05/2010,21
2505293,-18,06/03/2010,22
2505293,2,20/02/2010,23
2505293,18,06/02/2010,24
2505293,17,04/06/2009,25
2505293,-18,01/06/2009,26
2505293,2,20/02/2009,27
2505293,0,19/06/2003,28
2505293,-18,13/06/2003,29
2505293,0,08/12/2001,30
2505293,0,07/12/2001,31
2505293,0,29/11/2001,32
2505293,0,08/09/2001,33
2505293,0,18/07/2001,34
2668478,96,27/09/2017,1
2668478,87,30/03/2017,2
2668478,63,14/11/2016,3
2668478,87,17/06/2016,4
2668478,80,19/09/2015,5
2668478,-34,19/10/2008,6
2668478,83,17/11/2006,7
2668478,100,18/07/2005,8
2668478,68,14/06/2005,9
2668478,38,01/10/2004,10
2668478,55,10/06/2003,11
2668478,82,04/06/2003,12
2668478,82,17/12/2002,13
2668478,80,21/01/2002,14
2668478,70,08/12/2001,15
2668478,70,25/09/2001,16
2668478,70,08/09/2001,17
2668478,70,07/09/2001,18
2668478,70,18/07/2001,19
3301472,53,17/11/2017,1
3301472,70,10/12/2015,2
3301472,77,02/09/2014,3
3301472,73,24/08/2014,4
3301472,70,21/06/2014,5
3301472,55,10/03/2014,6
3301472,54,07/03/2014,7
3301472,57,22/08/2013,8
3301472,51,17/05/2013,9
3301472,65,15/05/2013,10
3301472,68,18/01/2013,11
3301472,72,02/07/2012,12
3301472,57,29/06/2012,13
3301472,52,18/01/2012,14
3301472,55,18/07/2011,15
3301472,62,19/10/2010,16
3301472,76,19/02/2010,17
3301472,75,14/08/2009,18
3301472,65,11/05/2009,19
3301472,66,20/02/2009,20
3301472,83,10/08/2007,21
3301472,81,27/11/2006,22
3301472,78,15/09/2005,23
3301472,81,16/12/2004,24
3301472,76,17/06/2004,25
3301472,61,02/12/2003,26
3301472,56,12/09/2002,27
3301472,68,03/09/2002,28
3301472,66,15/01/2002,29
3301472,61,09/12/2001,30
3301472,61,08/09/2001,31
3301472,61,18/07/2001,32
3631489,29,08/05/2018,1
3631489,35,02/12/2017,2
3631489,24,22/06/2017,3
3631489,33,10/12/2016,4
3631489,26,23/12/2015,5
3631489,24,02/09/2014,6
3631489,30,24/08/2014,7
3631489,38,04/01/2014,8
3631489,21,01/01/2014,9
3631489,6,21/12/2013,10
3631489,21,15/11/2012,11
3631489,63,19/09/2012,12
3631489,62,20/12/2011,13
3631489,57,19/12/2011,14
3631489,31,17/12/2011,15
3631489,57,06/12/2010,16
3631489,21,21/12/2009,17
3631489,6,18/12/2009,18
3631489,50,20/02/2009,19
3631489,58,09/11/2008,20
3631489,81,25/10/2006,21
3631489,71,22/09/2006,22
3631489,81,08/10/2004,23
3631489,76,17/06/2004,24
3631489,61,12/06/2004,25
3631489,74,04/04/2002,26
3631489,68,19/01/2002,27
3631489,63,10/12/2001,28
3631489,63,20/11/2001,29
3631489,63,31/10/2001,30
3631489,63,08/09/2001,31
3631489,63,18/07/2001,32
3660814,10,14/02/2018,1
3660814,12,05/02/2018,2
3660814,18,05/02/2018,3
3660814,-18,01/02/2018,4
3660814,18,26/12/2017,5
3660814,15,04/02/2017,6
3660814,21,02/02/2017,7
3660814,-18,01/02/2017,8
3660814,21,12/02/2016,9
3660814,18,10/02/2016,10
3660814,-18,01/02/2016,11
3660814,18,20/03/2015,12
3660814,12,23/12/2014,13
3660814,14,23/12/2014,14
3660814,13,02/09/2014,15
3660814,11,24/08/2014,16
3660814,32,12/09/2013,17
3660814,23,29/01/2013,18
3660814,6,19/01/2013,19
3660814,23,24/03/2012,20
3660814,39,22/02/2012,21
3660814,38,12/12/2011,22
3660814,45,08/02/2010,23
3660814,-18,03/02/2010,24
3660814,4,30/01/2010,25
3660814,37,18/11/2009,26
3660814,38,08/03/2009,27
3660814,0,16/03/2007,28
3660814,41,22/11/2006,29
3660814,31,07/05/2006,30
3660814,41,11/03/2005,31
3660814,63,12/06/2004,32
3660814,61,04/06/2003,33
3660814,39,06/11/2002,34
3660814,33,08/01/2002,35
3660814,-17,02/01/2002,36
3660814,-3,11/12/2001,37
3660814,-3,10/12/2001,38
3660814,-3,29/11/2001,39
3660814,-3,08/09/2001,40
3660814,-3,18/07/2001,41
3859201,30,18/08/2015,1
3859201,26,01/05/2015,2
3859201,30,16/03/2015,3
3859201,26,04/03/2015,4
3859201,30,02/09/2014,5
3859201,38,24/08/2014,6
3859201,54,16/04/2013,7
3859201,62,20/04/2012,8
3859201,61,13/04/2010,9
3859201,54,23/10/2009,10
3859201,51,19/06/2009,11
3859201,54,13/03/2009,12
3859201,61,08/03/2009,13
3859201,46,05/08/2008,14
3859201,40,11/06/2008,15
3859201,46,05/06/2008,16
3859201,43,12/07/2007,17
3859201,58,06/07/2006,18
3859201,68,06/05/2005,19
3859201,66,28/07/2004,20
3859201,76,17/06/2004,21
3859201,56,15/04/2003,22
3859201,70,26/03/2003,23
3859201,55,30/01/2002,24
3859201,50,16/12/2001,25
3859201,50,11/12/2001,26
3859201,50,29/11/2001,27
3859201,50,04/11/2001,28
3859201,50,31/10/2001,29
3859201,50,16/10/2001,30
3859201,50,12/10/2001,31
3859201,50,17/09/2001,32
3859201,50,11/09/2001,33
3859201,50,09/09/2001,34
3859201,50,05/08/2001,35
3859201,50,18/07/2001,36
3891648,49,04/11/2017,1
3891648,46,12/09/2017,2
3891648,66,01/04/2017,3
3891648,67,05/12/2015,4
3891648,69,26/11/2014,5
3891648,66,02/09/2014,6
3891648,50,24/08/2014,7
3891648,53,06/11/2013,8
3891648,61,23/10/2012,9
3891648,44,19/10/2012,10
3891648,43,09/01/2012,11
3891648,42,11/09/2009,12
3891648,50,20/02/2009,13
3891648,56,15/08/2008,14
3891648,66,31/07/2007,15
3891648,68,23/10/2006,16
3891648,58,07/05/2006,17
3891648,68,12/10/2005,18
3891648,81,06/09/2005,19
3891648,79,01/10/2004,20
3891648,96,22/07/2003,21
3891648,73,13/06/2003,22
3891648,67,04/06/2003,23
3891648,45,07/06/2002,24
3891648,0,11/12/2001,25
3891648,0,09/09/2001,26
3891648,-17,18/07/2001,27
3976447,96,30/12/2017,1
3976447,96,02/09/2014,2
3976447,87,24/08/2014,3
3976447,58,09/01/2014,4
3976447,59,17/05/2013,5
3976447,58,16/01/2013,6
3976447,51,04/10/2011,7
3976447,39,19/11/2010,8
3976447,40,13/04/2010,9
3976447,-18,03/04/2010,10
3976447,6,20/03/2010,11
3976447,50,08/03/2009,12
3976447,73,26/10/2008,13
3976447,81,03/04/2007,14
3976447,73,14/05/2006,15
3976447,81,10/01/2006,16
3976447,79,12/06/2004,17
3976447,96,04/06/2003,18
3976447,63,22/01/2003,19
3976447,40,13/02/2002,20
3976447,-17,11/12/2001,21
3976447,-4,09/09/2001,22
3976447,-4,18/07/2001,23
4025368,96,17/05/2017,1
4025368,87,05/10/2015,2
4025368,-18,01/10/2015,3
4025368,87,20/10/2014,4
4025368,79,02/09/2014,5
4025368,71,24/08/2014,6
4025368,65,03/07/2014,7
4025368,64,02/10/2013,8
4025368,65,16/07/2013,9
4025368,47,03/07/2013,10
4025368,28,28/12/2012,11
4025368,25,24/12/2012,12
4025368,-18,02/10/2012,13
4025368,7,22/09/2012,14
4025368,25,14/09/2011,15
4025368,21,06/11/2010,16
4025368,-18,02/10/2010,17
4025368,1,18/09/2010,18
4025368,5,04/09/2010,19
4025368,11,14/12/2009,20
4025368,-18,14/11/2009,21
4025368,5,28/09/2009,22
4025368,47,20/02/2009,23
4025368,0,07/11/2008,24
4025368,43,07/11/2007,25
4025368,63,21/09/2006,26
4025368,86,09/01/2006,27
4025368,84,22/09/2005,28
4025368,81,09/09/2004,29
4025368,51,12/06/2004,30
4025368,61,03/11/2003,31
4025368,0,29/05/2002,32
4025368,-17,14/02/2002,33
4025368,-4,16/12/2001,34
4025368,-4,11/12/2001,35
4025368,-4,20/09/2001,36
4025368,-4,09/09/2001,37
4025368,-4,07/08/2001,38
4025368,-4,02/08/2001,39
4025368,-4,18/07/2001,40
4272175,-34,07/04/2014,1
4272175,-3,04/04/2014,2
4272175,25,20/05/2013,3
4272175,68,08/11/2011,4
4272175,42,07/11/2011,5
4272175,-18,04/06/2011,6
4272175,4,21/05/2011,7
4272175,42,22/09/2010,8
4272175,36,17/09/2010,9
4272175,42,09/11/2009,10
4272175,59,09/03/2009,11
4272175,71,15/11/2007,12
4272175,76,23/02/2007,13
4272175,74,22/11/2006,14
4272175,69,14/09/2006,15
4272175,-5,30/06/2004,16
4272175,55,22/06/2004,17
4272175,72,16/06/2004,18
4272175,62,12/06/2004,19
4272175,-5,05/11/2002,20
4272175,-4,12/12/2001,21
4272175,-4,09/09/2001,22
4272175,-9,30/08/2001,23
4382614,-34,31/05/2017,1
4382614,-19,25/05/2017,2
4382614,-34,21/05/2009,3
4382614,-3,26/11/2008,4
4382614,-34,09/01/2008,5
4382614,-3,02/10/2003,6
4382614,-5,11/04/2003,7
4382614,-4,05/03/2002,8
4382614,-9,04/03/2002,9
4869161,-34,04/11/2015,1
4869161,-5,29/10/2009,2
4869161,-30,26/08/2008,3
4869161,-18,22/08/2008,4
4869161,0,30/06/2005,5
4869161,-4,01/02/2004,6
4869161,-17,21/08/2003,7
4869161,-9,20/08/2003,8
5195331,-23,27/02/2007,1
5195331,-25,16/02/2007,2
5195331,31,09/02/2007,3
5195331,37,01/02/2007,4
5195331,50,27/11/2006,5
5195331,-17,06/07/2006,6
5195331,-4,26/08/2004,7
5195331,-9,04/08/2004,8
5204138,59,01/05/2018,1
5204138,82,30/04/2018,2
5204138,59,10/04/2018,3
5204138,82,04/04/2018,4
5204138,96,28/06/2017,5
5204138,69,28/06/2017,6
5204138,-18,01/04/2017,7
5204138,69,04/08/2016,8
5204138,66,02/08/2016,9
5204138,-18,01/04/2016,10
5204138,66,04/07/2015,11
5204138,49,02/07/2015,12
5204138,-18,17/04/2015,13
5204138,49,17/11/2014,14
5204138,19,02/09/2014,15
5204138,23,24/08/2014,16
5204138,94,22/05/2014,17
5204138,96,09/04/2014,18
5204138,-18,05/04/2014,19
5204138,84,22/03/2014,20
5204138,96,27/12/2013,21
5204138,95,20/08/2013,22
5204138,96,13/04/2013,23
5204138,97,10/04/2013,24
5204138,-18,06/04/2013,25
5204138,89,23/03/2013,26
5204138,97,04/09/2012,27
5204138,93,04/04/2012,28
5204138,70,17/03/2012,29
5204138,93,19/04/2011,30
5204138,-18,02/04/2011,31
5204138,41,19/03/2011,32
5204138,93,15/02/2011,33
5204138,95,22/09/2010,34
5204138,-18,02/01/2010,35
5204138,92,18/11/2009,36
5204138,80,11/06/2009,37
5204138,79,27/03/2009,38
5204138,97,06/03/2009,39
5204138,66,11/08/2008,40
5204138,60,11/06/2008,41
5204138,87,12/06/2007,42
5204138,60,20/06/2006,43
5204138,56,30/12/2005,44
5204138,-4,18/08/2004,45
5204138,-9,16/08/2004,46
5360932,10,23/11/2017,1
5360932,37,02/12/2016,2
5360932,48,10/11/2016,3
5360932,37,09/11/2016,4
5360932,48,14/06/2016,5
5360932,37,01/01/2016,6
5360932,-18,01/12/2015,7
5360932,37,04/12/2014,8
5360932,31,02/09/2014,9
5360932,38,24/08/2014,10
5360932,65,25/11/2013,11
5360932,39,16/11/2013,12
5360932,65,02/11/2013,13
5360932,67,12/03/2013,14
5360932,66,28/11/2012,15
5360932,59,27/11/2012,16
5360932,33,17/11/2012,17
5360932,59,03/11/2012,18
5360932,58,03/12/2011,19
5360932,65,01/12/2011,20
5360932,13,19/11/2011,21
5360932,65,07/12/2010,22
5360932,7,20/11/2010,23
5360932,52,30/10/2010,24
5360932,53,07/12/2009,25
5360932,7,02/12/2009,26
5360932,50,28/04/2009,27
5360932,54,27/04/2009,28
5360932,55,05/04/2009,29
5360932,-18,30/01/2009,30
5360932,0,31/01/2007,31
5360932,-17,10/01/2007,32
5360932,-4,16/02/2005,33
5360932,-9,15/02/2005,34
5418066,82,06/01/2018,1
5418066,96,10/01/2017,2
5418066,82,09/01/2017,3
5418066,-18,06/01/2017,4
5418066,82,09/01/2016,5
5418066,87,07/01/2016,6
5418066,-18,06/01/2016,7
5418066,87,02/09/2014,8
5418066,69,24/08/2014,9
5418066,52,31/05/2014,10
5418066,51,08/01/2014,11
5418066,23,28/12/2013,12
5418066,51,07/12/2013,13
5418066,52,17/04/2013,14
5418066,53,16/04/2013,15
5418066,52,10/01/2013,16
5418066,68,09/01/2013,17
5418066,40,22/12/2012,18
5418066,68,10/05/2012,19
5418066,66,06/01/2012,20
5418066,-34,26/01/2011,21
5418066,-18,08/01/2011,22
5418066,12,25/12/2010,23
5418066,66,08/01/2010,24
5418066,63,07/05/2009,25
5418066,66,02/03/2009,26
5418066,73,11/07/2008,27
5418066,-18,13/06/2008,28
5418066,73,04/03/2007,29
5418066,-4,23/04/2005,30
5418066,0,12/04/2005,31
5606216,79,30/09/2017,1
5606216,95,06/09/2016,2
5606216,91,29/03/2015,3
5606216,91,02/09/2014,4
5606216,76,24/08/2014,5
5606216,77,22/03/2012,6
5606216,76,29/03/2011,7
5606216,59,16/08/2010,8
5606216,21,20/02/2009,9
5606216,55,25/01/2009,10
5606216,73,03/04/2007,11
5606216,-4,02/11/2005,12
5606216,-9,01/11/2005,13
5617158,-23,03/05/2012,1
5617158,50,23/02/2012,2
5617158,51,11/04/2011,3
5617158,58,23/03/2010,4
5617158,51,24/12/2009,5
5617158,49,25/06/2009,6
5617158,13,12/06/2009,7
5617158,50,24/03/2009,8
5617158,46,13/03/2009,9
5617158,45,25/03/2008,10
5617158,35,17/07/2007,11
5617158,-4,14/11/2005,12
5617158,-9,11/11/2005,13
5677279,-19,19/04/2018,1
5677279,80,02/11/2017,2
5677279,66,29/10/2016,3
5677279,82,02/11/2014,4
5677279,80,24/08/2014,5
5677279,75,01/11/2013,6
5677279,45,19/10/2013,7
5677279,75,01/11/2012,8
5677279,45,20/10/2012,9
5677279,75,06/10/2012,10
5677279,74,28/01/2012,11
5677279,-5,10/06/2010,12
5677279,-34,24/04/2009,13
5677279,-19,12/03/2009,14
5677279,-34,30/10/2007,15
5677279,-3,29/10/2007,16
5677279,-5,13/02/2007,17
5677279,-4,19/05/2006,18
5677279,-9,23/02/2006,19
5677279,-4,20/01/2006,20
5677279,-9,19/01/2006,21
5904495,79,26/06/2017,1
5904495,96,13/08/2016,2
5904495,-34,10/09/2007,3
5904495,-3,05/09/2007,4
5904495,-4,17/08/2006,5
5904495,-9,16/08/2006,6
6534755,56,18/11/2017,1
6534755,38,23/12/2016,2
6534755,40,24/11/2015,3
6534755,33,23/12/2014,4
6534755,56,02/09/2014,5
6534755,50,24/08/2014,6
6534755,40,18/03/2013,7
6534755,39,14/06/2012,8
6534755,36,25/11/2011,9
6534755,18,29/03/2011,10
6534755,-18,01/01/2011,11
6534755,1,18/12/2010,12
6534755,4,04/12/2010,13
6534755,3,26/08/2010,14
6534755,13,17/03/2010,15
6534755,25,28/09/2009,16
6534755,26,23/09/2009,17
6534755,-19,13/08/2009,18
6534755,38,20/02/2009,19
6534755,55,12/09/2008,20
6534755,80,05/08/2008,21
6534755,-4,19/03/2008,22
6534755,-9,18/03/2008,23
6542655,55,17/10/2017,1
6542655,67,03/07/2017,2
6542655,68,28/03/2017,3
6542655,61,25/06/2016,4
6542655,43,03/07/2015,5
6542655,58,02/09/2014,6
6542655,62,24/08/2014,7
6542655,22,04/07/2014,8
6542655,31,02/07/2014,9
6542655,9,21/06/2014,10
6542655,31,28/06/2013,11
6542655,9,22/06/2013,12
6542655,31,26/04/2013,13
6542655,30,27/06/2012,14
6542655,9,16/06/2012,15
6542655,30,02/07/2010,16
6542655,-30,08/02/2010,17
6542655,-17,29/01/2010,18
6542655,36,28/04/2009,19
6542655,38,24/04/2009,20
6542655,35,20/02/2009,21
6542655,50,12/09/2008,22
6542655,73,05/08/2008,23
6542655,-4,28/03/2008,24
6542655,-9,27/03/2008,25
6617124,-29,20/02/2018,1
6617124,-26,13/02/2018,2
6617124,67,03/11/2017,3
6617124,86,08/03/2017,4
6617124,41,06/04/2016,5
6617124,67,04/04/2016,6
6617124,-18,01/04/2016,7
6617124,67,06/05/2015,8
6617124,50,28/04/2015,9
6617124,67,09/02/2015,10
6617124,79,24/09/2014,11
6617124,94,02/09/2014,12
6617124,79,24/08/2014,13
6617124,92,10/09/2013,14
6617124,93,06/08/2013,15
6617124,90,26/02/2013,16
6617124,89,04/09/2012,17
6617124,88,18/01/2012,18
6617124,80,09/01/2012,19
6617124,88,16/09/2011,20
6617124,94,23/08/2011,21
6617124,82,02/12/2010,22
6617124,69,01/12/2010,23
6617124,70,19/06/2010,24
6617124,-17,16/06/2010,25
6617124,10,12/02/2010,26
6617124,23,27/11/2009,27
6617124,24,14/10/2009,28
6617124,40,24/07/2009,29
6617124,26,20/02/2009,30
6617124,40,13/09/2008,31
6617124,-9,13/06/2008,32
6631350,52,28/09/2016,1
6631350,63,23/09/2015,2
6631350,52,22/09/2015,3
6631350,63,02/09/2014,4
6631350,59,24/08/2014,5
6631350,45,24/09/2012,6
6631350,16,22/09/2012,7
6631350,45,03/10/2011,8
6631350,4,18/09/2011,9
6631350,39,05/10/2010,10
6631350,-18,02/10/2010,11
6631350,4,18/09/2010,12
6631350,39,30/12/2009,13
6631350,29,25/12/2009,14
6631350,45,14/10/2009,15
6631350,27,02/08/2009,16
6631350,28,31/07/2009,17
6631350,26,20/02/2009,18
6631350,40,13/09/2008,19
6746666,53,05/09/2017,1
6746666,68,04/09/2017,2
6746666,-18,01/09/2017,3
6746666,68,27/08/2016,4
6746666,53,02/09/2015,5
6746666,-18,01/09/2015,6
6746666,56,02/09/2014,7
6746666,60,24/08/2014,8
6746666,45,18/08/2014,9
6746666,32,24/08/2013,10
6746666,38,22/08/2013,11
6746666,11,17/08/2013,12
6746666,38,11/05/2011,13
6746666,40,26/10/2010,14
6746666,49,02/06/2010,15
6746666,29,28/05/2010,16
6746666,45,27/11/2009,17
6746666,46,25/11/2009,18
6746666,42,20/02/2009,19
6746666,59,13/11/2008,20
6799923,66,12/10/2017,1
6799923,96,21/11/2016,2
6799923,-18,01/11/2016,3
6799923,96,20/10/2015,4
6799923,96,02/09/2014,5
6799923,87,24/08/2014,6
6799923,59,04/08/2014,7
6799923,40,11/09/2013,8
6799923,52,16/10/2012,9
6799923,48,08/02/2012,10
6799923,49,10/10/2011,11
6799923,44,26/08/2010,12
6799923,15,25/08/2010,13
6799923,46,11/02/2010,14
6799923,42,20/02/2009,15
6799923,59,27/01/2009,16
6837697,60,29/11/2017,1
6837697,79,20/12/2016,2
6837697,80,17/06/2015,3
6837697,75,19/12/2014,4
6837697,71,02/09/2014,5
6837697,66,24/08/2014,6
6837697,31,30/12/2013,7
6837697,12,23/12/2013,8
6837697,4,21/12/2013,9
6837697,12,10/11/2012,10
6837697,52,27/12/2011,11
6837697,-34,13/10/2010,12
6837697,-3,07/10/2010,13
6837697,28,14/04/2010,14
6837697,29,12/04/2010,15
6837697,27,09/03/2009,16
6892362,55,21/01/2018,1
6892362,96,20/12/2016,2
6892362,80,30/01/2016,3
6892362,76,02/09/2014,4
6892362,70,24/08/2014,5
6892362,59,30/05/2014,6
6892362,58,21/08/2013,7
6892362,50,20/08/2013,8
6892362,51,05/12/2012,9
6892362,39,20/01/2012,10
6892362,54,02/02/2011,11
6892362,5,31/01/2011,12
6892362,29,25/10/2010,13
6892362,45,18/05/2010,14
6892362,46,17/05/2010,15
6892362,32,26/04/2010,16
6892362,46,19/05/2009,17
6892362,-9,07/05/2009,18
6892362,41,04/05/2009,19
6943607,50,01/05/2018,1
6943607,56,12/01/2018,2
6943607,50,11/01/2018,3
6943607,56,03/10/2017,4
6943607,55,02/10/2017,5
6943607,-18,01/10/2017,6
6943607,55,07/07/2017,7
6943607,60,24/11/2016,8
6943607,55,30/09/2016,9
6943607,60,18/03/2016,10
6943607,65,06/10/2015,11
6943607,58,02/10/2015,12
6943607,-18,01/10/2015,13
6943607,58,23/07/2015,14
6943607,45,05/10/2014,15
6943607,25,02/09/2014,16
6943607,19,24/08/2014,17
6943607,70,30/12/2013,18
6943607,69,31/08/2013,19
6943607,70,08/10/2012,20
6943607,14,04/10/2012,21
6943607,4,22/09/2012,22
6943607,14,28/07/2012,23
6943607,57,29/06/2012,24
6943607,56,23/12/2011,25
6943607,91,21/12/2011,26
6943607,-18,01/10/2011,27
6943607,34,18/09/2011,28
6943607,88,03/05/2011,29
6943607,56,22/03/2011,30
6943607,88,13/10/2010,31
6943607,66,07/10/2010,32
6943607,47,26/07/2010,33
6943607,48,27/10/2009,34
6943607,38,26/06/2009,35
6979824,82,05/04/2018,1
6979824,73,04/04/2018,2
6979824,73,22/06/2017,3
6979824,80,21/06/2017,4
6979824,-18,01/06/2017,5
6979824,80,02/06/2016,6
6979824,73,03/06/2015,7
6979824,96,02/09/2014,8
6979824,87,24/08/2014,9
6979824,45,03/06/2014,10
6979824,51,30/05/2014,11
6979824,24,17/05/2014,12
6979824,51,11/09/2013,13
6979824,52,30/05/2013,14
6979824,25,18/05/2013,15
6979824,52,04/05/2013,16
6979824,51,09/08/2012,17
6979824,52,01/06/2012,18
6979824,43,30/05/2012,19
6979824,15,19/05/2012,20
6979824,43,29/04/2011,21
6979824,40,28/09/2010,22
6979824,39,24/09/2010,23
6979824,41,19/08/2009,24
6979824,-9,06/08/2009,25
7018516,75,06/01/2018,1
7018516,52,03/01/2018,2
7018516,-18,01/01/2018,3
7018516,52,31/08/2016,4
7018516,-34,16/10/2015,5
7018516,94,02/09/2014,6
7018516,79,24/08/2014,7
7018516,45,04/07/2014,8
7018516,45,02/07/2014,9
7018516,16,21/06/2014,10
7018516,45,13/06/2013,11
7018516,52,01/06/2013,12
7018516,51,25/02/2012,13
7018516,42,15/04/2011,14
7018516,-35,09/04/2011,15
7018516,12,06/04/2011,16
7018516,28,30/09/2010,17
7018516,29,16/09/2009,18
7051362,54,22/01/2018,1
7051362,-18,26/12/2017,2
7051362,72,10/11/2016,3
7051362,73,09/11/2016,4
7051362,-18,01/10/2016,5
7051362,73,18/10/2015,6
7051362,72,16/10/2015,7
7051362,-18,01/10/2015,8
7051362,72,10/10/2014,9
7051362,95,02/09/2014,10
7051362,80,24/08/2014,11
7051362,62,14/10/2013,12
7051362,58,09/10/2013,13
7051362,-18,05/10/2013,14
7051362,30,28/09/2013,15
7051362,58,03/10/2012,16
7051362,30,01/10/2012,17
7051362,8,22/09/2012,18
7051362,30,29/11/2011,19
7051362,12,20/07/2011,20
7051362,6,19/07/2011,21
7051362,13,09/05/2011,22
7051362,31,10/09/2010,23
7051362,41,23/10/2009,24
7109730,71,27/09/2017,1
7109730,90,29/09/2016,2
7109730,72,16/06/2015,3
7109730,28,07/11/2014,4
7109730,76,02/09/2014,5
7109730,70,24/08/2014,6
7109730,78,28/11/2013,7
7109730,69,21/11/2013,8
7109730,58,20/11/2013,9
7109730,31,16/11/2013,10
7109730,58,20/08/2013,11
7109730,55,13/08/2013,12
7109730,44,08/12/2012,13
7109730,-34,10/08/2011,14
7109730,-3,09/08/2011,15
7109730,15,21/07/2011,16
7109730,44,18/01/2011,17
7109730,46,18/08/2010,18
7109730,26,26/04/2010,19
7109730,39,21/01/2010,20
7109730,-9,23/12/2009,21
7267781,12,02/06/2017,1
7267781,-18,01/06/2017,2
7267781,12,20/04/2017,3
7267781,50,28/04/2016,4
7267781,-34,01/03/2012,5
7267781,2,29/02/2012,6
7267781,44,24/08/2010,7
7267781,46,31/05/2010,8
7378421,69,01/03/2018,1
7378421,64,13/02/2018,2
7378421,61,04/11/2017,3
7378421,69,01/11/2017,4
7378421,72,04/07/2017,5
7378421,-18,01/07/2017,6
7378421,72,20/06/2017,7
7378421,69,27/08/2016,8
7378421,72,04/07/2016,9
7378421,-18,01/07/2016,10
7378421,72,05/01/2016,11
7378421,69,24/12/2015,12
7378421,72,17/09/2015,13
7378421,69,05/07/2015,14
7378421,61,01/05/2015,15
7378421,64,22/10/2014,16
7378421,61,02/09/2014,17
7378421,56,01/09/2014,18
7378421,58,24/08/2014,19
7378421,51,05/07/2014,20
7378421,45,02/07/2014,21
7378421,16,21/06/2014,22
7378421,45,03/07/2013,23
7378421,43,02/07/2013,24
7378421,15,22/06/2013,25
7378421,43,05/11/2012,26
7378421,42,21/09/2012,27
7378421,-19,20/09/2012,28
7378421,-17,19/07/2012,29
7378421,43,09/12/2011,30
7378421,44,21/09/2010,31
7378421,-9,20/09/2010,32
7623022,60,04/03/2018,1
7623022,76,02/03/2018,2
7623022,-18,01/03/2018,3
7623022,76,01/03/2017,4
7623022,79,01/03/2016,5
7623022,80,02/09/2014,6
7623022,75,24/08/2014,7
7623022,45,07/02/2014,8
7623022,43,02/02/2013,9
7623022,11,30/01/2013,10
7623022,39,09/05/2011,11
7626139,-23,29/10/2013,1
7626139,-25,04/10/2013,2
7626139,12,28/09/2013,3
7626139,39,20/03/2013,4
7626139,-17,19/03/2013,5
7626139,4,05/03/2013,6
7626139,14,17/12/2012,7
7626139,31,25/09/2012,8
7626139,47,31/07/2012,9
7626139,38,11/05/2011,10
7686834,75,17/02/2017,1
7686834,95,16/03/2016,2
7686834,95,02/09/2014,3
7686834,80,24/08/2014,4
7686834,59,17/03/2014,5
7686834,49,15/10/2012,6
7686834,40,14/07/2012,7
7686834,39,02/07/2011,8
7749348,38,03/04/2018,1
7749348,30,28/03/2018,2
7749348,23,01/07/2017,3
7749348,20,14/02/2017,4
7749348,29,09/03/2016,5
7749348,26,17/02/2016,6
7749348,21,09/12/2014,7
7749348,18,02/09/2014,8
7749348,15,01/09/2014,9
7749348,18,24/08/2014,10
7749348,47,22/03/2014,11
7749348,38,25/02/2013,12
7749348,31,22/02/2013,13
7749348,46,07/09/2012,14
7749348,45,21/08/2012,15
7749348,46,25/08/2011,16
7760590,-23,01/03/2018,1
7760590,-26,22/02/2018,2
7760590,-25,30/01/2018,3
7760590,66,10/10/2017,4
7760590,44,03/10/2017,5
7760590,-18,01/10/2017,6
7760590,44,05/07/2016,7
7760590,49,04/07/2016,8
7760590,-18,01/07/2016,9
7760590,49,05/07/2015,10
7760590,44,02/09/2014,11
7760590,43,03/07/2014,12
7760590,47,02/07/2014,13
7760590,19,21/06/2014,14
7760590,47,28/10/2013,15
7760590,36,10/07/2013,16
7760590,-17,08/07/2013,17
7760590,47,20/10/2012,18
7760590,45,19/10/2012,19
7760590,50,09/10/2012,20
7760590,55,14/09/2012,21
7760590,57,06/09/2011,22
7768849,48,20/09/2017,1
7768849,56,19/10/2016,2
7768849,40,17/10/2016,3
7768849,-18,01/10/2016,4
7768849,40,06/10/2015,5
7768849,80,02/10/2015,6
7768849,-18,01/10/2015,7
7768849,80,17/10/2014,8
7768849,67,05/10/2014,9
7768849,-34,12/06/2013,10
7768849,-3,10/06/2013,11
7768849,65,23/01/2013,12
7768849,66,02/10/2012,13
7768849,36,13/09/2012,14
7768849,35,08/08/2012,15
7768849,36,22/10/2011,16
7768849,51,13/09/2011,17
7942825,52,23/09/2017,1
7942825,96,15/01/2017,2
7942825,96,13/01/2017,3
7942825,-18,01/01/2017,4
7942825,96,10/01/2016,5
7942825,79,08/01/2016,6
7942825,-18,01/01/2016,7
7942825,68,20/01/2015,8
7942825,-18,07/01/2015,9
7942825,68,02/09/2014,10
7942825,61,24/08/2014,11
7942825,54,13/11/2013,12
7942825,4,12/11/2013,13
7942825,27,22/07/2013,14
7942825,45,19/03/2013,15
7942825,44,15/03/2013,16
7942825,43,22/11/2012,17
7942825,44,09/07/2012,18
7942825,39,14/02/2012,19
8116460,71,21/11/2017,1
8116460,69,21/12/2016,2
8116460,71,11/07/2015,3
8116460,75,13/02/2015,4
8116460,91,10/02/2015,5
8116460,95,02/09/2014,6
8116460,80,24/08/2014,7
8116460,53,14/03/2014,8
8116460,17,13/03/2014,9
8116460,45,09/07/2013,10
8116460,46,08/07/2013,11
8116460,31,26/06/2012,12
8128453,95,26/04/2018,1
8128453,95,17/04/2017,2
8128453,95,15/02/2016,3
8128453,73,21/04/2015,4
8128453,69,20/04/2015,5
8128453,73,02/09/2014,6
8128453,68,24/08/2014,7
8128453,35,25/03/2014,8
8128453,15,24/03/2014,9
8128453,45,16/07/2013,10
8128453,46,15/07/2013,11
8128453,44,12/07/2012,12
8128453,31,05/07/2012,13
8256580,73,28/07/2017,1
8256580,63,01/08/2016,2
8256580,-18,01/08/2016,3
8256580,63,31/07/2016,4
8256580,80,05/08/2015,5
8256580,63,04/08/2015,6
8256580,-18,02/08/2015,7
8256580,-18,01/08/2015,8
8256580,68,02/09/2014,9
8256580,73,24/08/2014,10
8256580,55,16/07/2014,11
8256580,14,15/07/2014,12
8256580,45,12/11/2013,13
8256580,46,11/11/2013,14
8256580,29,19/10/2012,15
8263181,53,04/08/2017,1
8263181,-18,01/08/2017,2
8263181,61,26/12/2016,3
8263181,-19,22/12/2016,4
8263181,61,27/01/2016,5
8263181,63,17/07/2015,6
8263181,73,13/03/2015,7
8263181,77,02/09/2014,8
8263181,72,24/08/2014,9
8263181,45,16/07/2014,10
8263181,14,15/07/2014,11
8263181,27,28/04/2014,12
8263181,37,25/10/2013,13
8263181,38,23/10/2013,14
8263181,36,23/11/2012,15
8263181,43,24/10/2012,16
8371233,37,05/07/2017,1
8371233,56,04/07/2017,2
8371233,56,28/09/2016,3
8371233,58,16/08/2015,4
8371233,53,19/02/2015,5
8371233,58,07/11/2014,6
8371233,40,05/11/2014,7
8371233,-18,28/10/2014,8
8371233,40,24/08/2014,9
8371233,49,28/01/2014,10
8371233,50,04/12/2013,11
8371233,46,07/08/2013,12
8371233,38,01/07/2013,13
8371233,36,25/01/2013,14
8435751,55,25/10/2017,1
8435751,80,07/10/2016,2
8435751,77,18/12/2015,3
8435751,73,16/12/2015,4
8435751,77,04/12/2014,5
8435751,47,27/11/2014,6
8435751,49,24/08/2014,7
8435751,40,18/03/2014,8
8435751,41,17/03/2014,9
8435751,33,05/06/2013,10
8435751,31,12/03/2013,11
8451055,96,27/12/2017,1
8451055,96,29/12/2015,2
8451055,95,24/12/2015,3
8451055,96,23/12/2014,4
8451055,47,22/12/2014,5
8451055,49,24/08/2014,6
8451055,45,27/06/2014,7
8451055,46,14/05/2013,8
8451055,44,21/03/2013,9
8602073,75,21/03/2018,1
8602073,95,10/10/2016,2
8602073,95,24/03/2016,3
8602073,91,23/03/2016,4
8602073,95,02/11/2014,5
8602073,49,24/08/2014,6
8602073,40,14/07/2014,7
8602073,41,11/07/2013,8
8859869,73,21/04/2018,1
8859869,67,17/10/2017,2
8859869,72,26/07/2016,3
8859869,91,16/06/2015,4
8859869,49,24/08/2014,5
8859869,50,05/02/2014,6
8859869,46,28/01/2014,7
8861944,90,21/02/2018,1
8861944,90,20/02/2018,2
8861944,-18,01/02/2018,3
8861944,90,04/02/2017,4
8861944,79,02/02/2017,5
8861944,-18,01/02/2017,6
8861944,79,27/10/2015,7
8861944,40,26/10/2015,8
8861944,44,16/02/2015,9
8861944,45,24/08/2014,10
8861944,50,29/01/2014,11
8863855,59,01/12/2017,1
8863855,76,29/11/2017,2
8863855,-18,01/11/2017,3
8863855,76,02/11/2016,4
8863855,73,01/11/2016,5
8863855,73,08/10/2015,6
8863855,43,06/10/2015,7
8863855,46,04/08/2015,8
8863855,47,24/08/2014,9
8863855,41,30/01/2014,10
8907205,82,20/05/2017,1
8907205,96,20/04/2016,2
8907205,95,08/04/2015,3
8907205,47,06/04/2015,4
8907205,49,24/08/2014,5
8907205,38,25/02/2014,6
8931914,59,14/05/2018,1
8931914,-34,23/10/2015,2
8931914,-3,21/10/2015,3
8931914,48,29/04/2015,4
8931914,49,24/08/2014,5
8931914,33,13/03/2014,6
8941354,45,05/05/2018,1
8941354,29,30/12/2016,2
8941354,24,21/03/2016,3
8941354,-18,18/03/2016,4
8941354,47,23/12/2015,5
8941354,-18,18/12/2015,6
8941354,49,24/08/2014,7
8941354,46,18/08/2014,8
8941354,42,28/03/2014,9
8941354,46,19/03/2014,10
8974336,36,22/01/2018,1
8974336,66,30/12/2016,2
8974336,79,29/12/2015,3
8974336,47,25/12/2015,4
8974336,49,24/08/2014,5
8974336,33,04/04/2014,6
9015470,87,23/01/2018,1
9015470,56,01/02/2017,2
9015470,52,03/02/2016,3
9015470,35,02/02/2016,4
9015470,-18,30/01/2016,5
9015470,41,15/07/2015,6
9015470,47,24/08/2014,7
9015470,38,01/05/2014,8
9026703,96,31/12/2017,1
9026703,96,24/12/2016,2
9026703,95,05/01/2016,3
9026703,44,31/12/2015,4
9026703,49,24/08/2014,5
9026703,54,09/05/2014,6
9127390,-34,15/07/2016,1
9127390,33,12/07/2016,2
9127390,-18,18/06/2016,3
9127390,33,17/06/2016,4
9127390,42,23/03/2016,5
9127390,45,07/09/2015,6
9127390,37,09/08/2015,7
9127390,45,18/10/2014,8
9127390,46,24/08/2014,9
9127390,48,15/07/2014,10
9145403,-34,26/04/2016,1
9145403,-3,25/04/2016,2
9145403,48,08/09/2015,3
9145403,49,24/08/2014,4
9145403,50,28/07/2014,5
9170072,80,23/05/2017,1
9170072,76,01/06/2016,2
9170072,-18,12/05/2016,3
9170072,49,24/08/2014,4
9170072,33,13/08/2014,5
9217124,55,30/11/2017,1
9217124,71,11/07/2017,2
9217124,67,10/07/2017,3
9217124,-18,01/07/2017,4
9217124,67,13/03/2017,5
9217124,43,14/09/2016,6
9217124,67,28/05/2016,7
9217124,23,16/05/2016,8
9217124,37,09/10/2015,9
9217124,45,17/01/2015,10
9217124,49,17/09/2014,11
9217124,-9,17/09/2014,12
9229521,53,23/11/2017,1
9229521,-19,19/10/2017,2
9229521,53,08/08/2017,3
9229521,55,04/01/2017,4
9229521,-18,01/01/2017,5
9229521,46,29/12/2015,6
9229521,48,16/10/2015,7
9229521,49,24/09/2014,8
9229521,-9,24/09/2014,9
9246671,-34,08/06/2016,1
9246671,-3,07/06/2016,2
9246671,46,05/05/2016,3
9246671,47,20/10/2015,4
9246671,49,06/10/2014,5
9459145,71,04/04/2018,1
9459145,-18,01/04/2018,2
9459145,67,29/11/2016,3
9459145,46,25/11/2016,4
9459145,47,31/03/2016,5
9459145,49,02/03/2015,6
9588247,33,28/02/2018,1
9588247,35,18/01/2017,2
9588247,43,17/01/2017,3
9588247,48,15/05/2015,4
9588247,-9,15/05/2015,5
9825748,73,10/04/2017,1
9825748,47,10/04/2017,2
9825748,49,19/10/2015,3
9868076,21,23/05/2018,1
9868076,13,26/07/2017,2
9868076,12,26/07/2017,3
9868076,39,31/12/2015,4
9868076,47,13/11/2015,5
9868076,-9,13/11/2015,6
9911458,60,05/09/2017,1
9911458,45,01/09/2017,2
9911458,47,30/12/2016,3
9911458,49,14/12/2015,4
9929815,95,23/03/2018,1
9929815,91,12/04/2017,2
9929815,46,12/04/2017,3
9929815,49,24/06/2016,4
9929815,47,29/01/2016,5
9929815,48,21/01/2016,6
9929815,-9,01/01/2016,7
9929815,49,30/12/2015,8
9957758,57,17/03/2017,1
9957758,46,16/03/2017,2
9957758,48,21/01/2016,3
10047420,-19,10/05/2018,1
10047420,39,07/12/2017,2
10047420,47,06/12/2017,3
10047420,49,20/06/2016,4
10047420,-9,17/06/2016,5
10047420,49,10/03/2016,6
10047420,-9,09/03/2016,7
10062272,44,22/07/2017,1
10062272,47,21/07/2017,2
10062272,49,13/04/2016,3
10062272,48,07/04/2016,4
10062272,47,01/04/2016,5
10062272,-9,17/03/2016,6
10067163,-21,22/12/2017,1
10067163,-11,13/12/2017,2
10067163,-24,27/10/2017,3
10067163,42,03/10/2017,4
10067163,45,13/07/2017,5
10067163,47,11/04/2017,6
10067163,49,23/03/2016,7
10067163,-9,18/03/2016,8
10067724,76,20/12/2017,1
10067724,47,19/12/2017,2
10067724,-18,18/12/2017,3
10067724,49,21/03/2016,4
10067724,-9,21/03/2016,5
10183196,42,24/01/2018,1
10183196,45,24/01/2018,2
10183196,47,03/06/2017,3
10183196,49,20/05/2016,4
10204905,41,27/04/2018,1
10204905,47,27/04/2018,2
10204905,-18,01/03/2018,3
10204905,41,15/06/2017,4
10204905,47,01/06/2016,5
10204905,-9,01/06/2016,6
10207273,58,03/03/2018,1
10207273,40,01/03/2018,2
10207273,47,02/06/2016,3
10244804,23,23/03/2018,1
10244804,38,06/03/2018,2
10244804,43,14/07/2017,3
10244804,47,27/06/2016,4
10244804,-9,24/06/2016,5
10344288,-34,28/05/2018,1
10344288,-3,28/05/2018,2
10344288,-18,25/05/2018,3
10344288,46,20/09/2017,4
10344288,49,27/09/2016,5
10344288,-9,26/08/2016,6
IC000573,-9,30/08/2007,1
LP015955,-18,12/12/2015,1
LP015955,49,24/08/2014,2
LP015955,5,13/03/2014,3
NI067951,96,02/09/2014,1
NI067951,87,24/08/2014,2
NI067951,59,14/02/2014,3
NI067951,60,03/06/2013,4
NI067951,41,06/04/2013,5
NI067951,60,06/03/2013,6
NI067951,59,29/10/2010,7
NI067951,-34,17/04/2009,8
NI067951,30,20/02/2009,9
NI067951,46,12/09/2008,10
NI067951,66,06/08/2008,11
NI067951,-4,13/02/2008,12
NI067951,-9,11/02/2008,13
NI616398,-34,24/09/2014,1
NI616398,-3,23/09/2014,2
NI616398,44,24/08/2014,3
NI616398,62,23/01/2014,4
NI616398,59,23/01/2013,5
NI617025,-34,23/11/2014,1
NI617025,-3,21/11/2014,2
NI617025,47,24/08/2014,3
NI617025,53,22/04/2014,4
NI617025,54,18/04/2014,5
NI617025,52,28/02/2013,6
SC117540,44,25/11/2017,1
SC117540,47,06/01/2015,2
SC117540,44,02/09/2014,3
SC117540,47,24/08/2014,4
SC117540,11,15/01/2014,5
SC117540,47,10/01/2014,6
SC117540,-18,04/01/2014,7
SC117540,19,21/12/2013,8
SC117540,47,07/01/2013,9
SC117540,39,04/01/2013,10
SC117540,12,22/12/2012,11
SC117540,39,06/11/2012,12
SC117540,48,10/01/2012,13
SC117540,-18,01/01/2012,14
SC117540,19,18/12/2011,15
SC117540,48,17/01/2011,16
SC117540,-18,01/01/2011,17
SC117540,5,18/12/2010,18
SC117540,48,08/02/2010,19
SC117540,-18,03/02/2010,20
SC117540,5,02/01/2010,21
SC117540,48,20/02/2009,22
SC117540,0,12/12/2001,23
SC117540,0,09/09/2001,24
SC117540,0,18/07/2001,25
SC188134,-23,19/07/2017,1
SC188134,9,22/05/2017,2
SC188134,17,31/01/2017,3
SC188134,9,17/12/2016,4
SC188134,43,06/10/2016,5
SC188134,45,02/09/2016,6
SC188134,71,29/09/2015,7
SC188134,27,07/07/2015,8
SC188134,19,19/02/2015,9
SC188134,23,09/02/2015,10
SC188134,19,05/01/2015,11
SC188134,23,23/12/2014,12
SC188134,19,16/09/2014,13
SC188134,39,08/09/2014,14
SC188134,46,02/09/2014,15
SC188134,41,24/08/2014,16
SC188134,65,22/07/2014,17
SC188134,57,19/10/2013,18
SC188134,58,07/10/2013,19
SC188134,62,26/07/2013,20
SC188134,63,30/08/2012,21
SC188134,62,29/10/2010,22
SC188134,68,21/05/2010,23
SC188134,77,20/10/2009,24
SC188134,65,27/08/2009,25
SC188134,56,20/02/2009,26
SC188134,81,16/05/2007,27
SC188134,78,05/04/2005,28
SC188134,61,17/06/2004,29
SC188134,41,07/05/2004,30
SC188134,78,04/03/2002,31
SC188134,71,15/02/2002,32
SC188134,65,30/01/2002,33
SC188134,60,12/12/2001,34
SC188134,60,09/10/2001,35
SC188134,60,22/09/2001,36
SC188134,60,09/09/2001,37
SC188134,60,18/07/2001,38
SC244210,94,15/08/2017,1
SC244210,95,17/04/2016,2
SC244210,95,02/09/2014,3
SC244210,80,24/08/2014,4
SC244210,50,16/04/2014,5
SC244210,58,20/04/2013,6
SC244210,50,18/04/2013,7
SC244210,51,23/07/2012,8
SC244210,49,20/02/2012,9
SC244210,50,08/07/2010,10
SC244210,54,17/06/2009,11
SC244210,61,20/02/2009,12
SC244210,79,23/07/2007,13
SC244210,74,08/09/2006,14
SC244210,61,06/09/2006,15
SC244210,55,14/09/2005,16
SC244210,85,12/06/2004,17
SC244210,-4,23/02/2003,18
SC244210,-9,21/02/2003,19
SC279967,-5,20/05/2016,1
SC279967,-34,28/04/2014,2
SC279967,-6,18/06/2013,3
SC279967,-13,14/06/2013,4
SC279967,-34,07/06/2013,5
SC279967,-19,26/02/2013,6
SC279967,-34,25/03/2008,7
SC279967,-3,30/08/2006,8
SC279967,-4,18/02/2005,9
SC279967,-9,17/02/2005,10
SC297192,87,29/11/2017,1
SC297192,-18,29/11/2017,2
SC297192,87,19/06/2015,3
SC297192,96,02/09/2014,4
SC297192,87,24/08/2014,5
SC297192,90,19/06/2014,6
SC297192,82,12/03/2014,7
SC297192,81,10/07/2013,8
SC297192,56,15/09/2012,9
SC297192,39,25/11/2011,10
SC297192,71,24/11/2011,11
SC297192,14,19/11/2011,12
SC297192,71,08/10/2010,13
SC297192,56,20/11/2009,14
SC297192,14,18/11/2009,15
SC297192,71,22/05/2009,16
SC297192,75,02/03/2009,17
SC297192,55,26/11/2008,18
SC297192,0,23/10/2007,19
SC297192,-4,19/02/2006,20
SC297192,-9,17/02/2006,21
SC449219,33,10/09/2017,1
SC449219,87,02/03/2017,2
SC449219,-18,01/03/2017,3
SC449219,87,24/11/2015,4
SC449219,57,23/11/2015,5
SC449219,61,17/01/2015,6
SC449219,49,24/08/2014,7
SC449219,53,11/06/2014,8
SC449219,55,07/05/2013,9
SC497589,95,11/12/2017,1
SC497589,69,09/11/2016,2
SC497589,45,07/11/2016,3
SC497589,47,01/03/2016,4
SC497589,49,16/02/2015,5
